{
  "documents": 1761052020.294358,
  "projects": 1761051771.4838777,
  "blogs": 1761053893.391569
}